Contestant,Total Judges Score,Judges Score Percent,Fan Vote,Fan Percent,Sum of Percents
240,-1,5.03010349824577e+17,6.6,3.6,5.03010349824577e+17
220,-1,4.438326616099209e+17,47.3,25.6,4.438326616099209e+17
53,-1,3.846549733952648e+17,6.5,3.5,3.846549733952648e+17
209,1,-3.2547728518060864e+17,40.3,21.8,-3.2547728518060864e+17
238,1,-4.438326616099209e+17,42.2,22.8,-4.438326616099209e+17
244,1,-5.621880380392332e+17,41.8,22.6,-5.621880380392332e+17
