parameter,rhat,ess,total_samples,ess_ratio
beta_judge,1.0782454321918242,39.215029725707744,1600,0.02450939357856734
beta_week,1.015722548733562,224.05861051980872,1600,0.14003663157488044
theta,1.1075254098152485,26.323108190687922,1600,0.01645194261917995
theta_popularity,1.1150092899621757,24.903351700148793,1600,0.015564594812592996
phi,1.8702963566388298,5.831864369476173,1600,0.0036449152309226077
sigma_season,1.1569623081762093,17.676637022374535,1600,0.011047898138984085
sigma_alpha,1.661801618178799,6.628024817671377,1600,0.0041425155110446105
beta_age,1.0206513988400696,295.5485944161681,1600,0.18471787151010507
